-- MySQL dump 10.13  Distrib 5.5.28, for Win32 (x86)
--
-- Host: localhost    Database: accident
-- ------------------------------------------------------
-- Server version	5.5.28

/*!40101 SET @OLD_CHARACTER_SET_CLIENT=@@CHARACTER_SET_CLIENT */;
/*!40101 SET @OLD_CHARACTER_SET_RESULTS=@@CHARACTER_SET_RESULTS */;
/*!40101 SET @OLD_COLLATION_CONNECTION=@@COLLATION_CONNECTION */;
/*!40101 SET NAMES utf8 */;
/*!40103 SET @OLD_TIME_ZONE=@@TIME_ZONE */;
/*!40103 SET TIME_ZONE='+00:00' */;
/*!40014 SET @OLD_UNIQUE_CHECKS=@@UNIQUE_CHECKS, UNIQUE_CHECKS=0 */;
/*!40014 SET @OLD_FOREIGN_KEY_CHECKS=@@FOREIGN_KEY_CHECKS, FOREIGN_KEY_CHECKS=0 */;
/*!40101 SET @OLD_SQL_MODE=@@SQL_MODE, SQL_MODE='NO_AUTO_VALUE_ON_ZERO' */;
/*!40111 SET @OLD_SQL_NOTES=@@SQL_NOTES, SQL_NOTES=0 */;

--
-- Table structure for table `calculation`
--

DROP TABLE IF EXISTS `calculation`;
/*!40101 SET @saved_cs_client     = @@character_set_client */;
/*!40101 SET character_set_client = utf8 */;
CREATE TABLE `calculation` (
  `a` int(5) DEFAULT '0',
  `b` int(5) DEFAULT '0',
  `c` int(5) DEFAULT '0',
  `d` int(5) DEFAULT '0',
  `e` int(5) DEFAULT '0'
) ENGINE=InnoDB DEFAULT CHARSET=latin1;
/*!40101 SET character_set_client = @saved_cs_client */;

--
-- Dumping data for table `calculation`
--

LOCK TABLES `calculation` WRITE;
/*!40000 ALTER TABLE `calculation` DISABLE KEYS */;
INSERT INTO `calculation` VALUES (-27,-337,729,113569,9099),(77,-327,5929,106929,-25179),(106,-317,11236,100489,-33602),(1322,-382,1747684,145924,-505004),(-38,-287,1444,82369,10906),(-27,-309,729,95481,8343),(125,-339,15625,114921,-42375),(125,-375,15625,140625,-46875),(23,-355,529,126025,-8165),(-39,-341,1521,116281,13299),(1,-302,1,91204,-302),(17,-295,289,87025,-5015),(281,-383,78961,146689,-107623),(1141,-321,1301881,103041,-366261),(1903,-298,3621409,88804,-567094);
/*!40000 ALTER TABLE `calculation` ENABLE KEYS */;
UNLOCK TABLES;

--
-- Table structure for table `dataset1`
--

DROP TABLE IF EXISTS `dataset1`;
/*!40101 SET @saved_cs_client     = @@character_set_client */;
/*!40101 SET character_set_client = utf8 */;
CREATE TABLE `dataset1` (
  `year` int(4) DEFAULT NULL,
  `noofaccidents` int(6) DEFAULT NULL,
  `weathercondition` int(4) DEFAULT NULL
) ENGINE=InnoDB DEFAULT CHARSET=latin1;
/*!40101 SET character_set_client = @saved_cs_client */;

--
-- Dumping data for table `dataset1`
--

LOCK TABLES `dataset1` WRITE;
/*!40000 ALTER TABLE `dataset1` DISABLE KEYS */;
INSERT INTO `dataset1` VALUES (2001,4,50),(2001,4,50),(2001,4,50),(2001,4,50),(2001,4,50),(2001,4,50),(2001,4,50),(2002,6,60),(2003,7,70),(2004,51,5),(2005,1,100),(2006,7,78),(2007,20,48),(2008,12,12),(2009,6,32),(2010,4,46),(2011,8,85),(2012,9,92),(2013,42,4),(2014,52,66),(2015,89,89),(2002,6,60),(2003,7,70),(2004,51,5),(2005,1,100),(2006,7,78),(2007,20,48),(2008,12,12),(2009,6,32),(2011,8,85),(2012,9,92),(2013,42,4),(2014,52,66),(2015,89,89),(2003,7,70),(2004,51,5),(2005,1,100),(2006,7,78),(2007,20,48),(2008,12,12),(2009,6,32),(2002,6,60),(2003,7,70),(2004,51,5),(2005,1,100),(2014,52,66),(2015,89,89),(2002,6,60),(2003,7,70),(2011,8,85),(2012,9,92),(2013,42,4),(2014,52,66),(2015,89,89),(2003,7,70),(2004,51,5),(2004,51,5),(2005,1,100),(2006,7,78),(2007,20,48),(2008,12,12),(2014,52,66),(2015,89,89),(2002,6,60),(2003,7,70),(2004,51,5),(2005,1,100),(2008,12,12),(2009,6,32),(2002,6,60),(2003,7,70),(2007,20,48),(2008,12,12),(2014,52,66),(2015,89,89),(2002,6,60),(2003,7,70),(2014,52,66),(2015,89,89),(2002,6,60),(2003,7,70),(2004,51,5),(2004,51,5),(2005,1,100),(2014,52,66),(2009,6,32),(2014,52,66),(2015,89,89),(2002,6,60),(2003,7,70),(2004,51,5),(2004,51,5),(2005,1,100),(2014,52,66),(2009,6,32),(2014,52,66),(2015,89,89),(2002,6,60),(2003,7,70),(2004,51,5),(2004,51,5),(2005,1,100),(2014,52,66),(2009,6,32),(2014,52,66),(2015,89,89),(2002,6,60),(2003,7,70),(2004,51,5),(2004,51,5),(2005,1,100),(2014,52,66),(2009,6,32),(2004,51,5),(2004,51,5),(2005,1,100),(2014,52,66),(2009,6,32),(2010,4,46),(2011,8,85),(2012,9,92),(2013,42,4),(2007,20,48),(2008,12,12),(2014,52,66),(2015,89,89),(2002,6,60),(2003,7,70),(2004,51,5),(2007,20,48),(2008,12,12),(2014,52,66),(2015,89,89),(2015,89,89),(2002,6,60),(2003,7,70),(2004,51,5),(2007,20,48),(2008,12,12),(2014,52,66),(2015,89,89),(2015,89,89),(2002,6,60),(2003,7,70),(2004,51,5),(2007,20,48),(2008,12,12),(2014,52,66),(2015,89,89),(2002,6,60),(2003,7,70),(2004,51,5),(2014,52,66),(2015,89,89),(2002,6,60),(2003,7,70),(2004,51,5),(2005,1,100),(2008,12,12),(2009,6,32),(2010,4,46),(2011,8,85),(2012,9,92),(2013,42,4),(2012,9,92),(2013,42,4),(2014,52,66),(2010,4,46),(2011,8,85),(2012,9,92),(2013,42,4),(2014,52,66),(2015,89,89),(2002,6,60),(2003,7,70),(2004,51,5),(2005,1,100),(2008,12,12),(2009,6,32),(2015,89,89),(2002,6,60),(2003,7,70),(2004,51,5),(2002,6,60),(2003,7,70),(2004,51,5),(2005,1,100),(2008,12,12),(2009,6,32),(2015,89,89),(2002,6,60),(2011,8,85),(2012,9,92),(2013,42,4),(2014,52,66),(2015,89,89),(2005,1,100),(2005,1,100),(2008,12,12),(2009,6,32),(2015,89,89),(2002,6,60),(2003,7,70),(2004,51,5),(2002,6,60),(2003,7,70),(2004,51,5),(2005,1,100),(2008,12,12);
/*!40000 ALTER TABLE `dataset1` ENABLE KEYS */;
UNLOCK TABLES;

--
-- Table structure for table `dataset2`
--

DROP TABLE IF EXISTS `dataset2`;
/*!40101 SET @saved_cs_client     = @@character_set_client */;
/*!40101 SET character_set_client = utf8 */;
CREATE TABLE `dataset2` (
  `year` int(4) DEFAULT NULL,
  `noofaccidents` int(6) DEFAULT NULL,
  `weathercondition` int(4) DEFAULT NULL
) ENGINE=InnoDB DEFAULT CHARSET=latin1;
/*!40101 SET character_set_client = @saved_cs_client */;

--
-- Dumping data for table `dataset2`
--

LOCK TABLES `dataset2` WRITE;
/*!40000 ALTER TABLE `dataset2` DISABLE KEYS */;
INSERT INTO `dataset2` VALUES (2001,28,50),(2002,132,60),(2003,161,70),(2004,1377,5),(2005,17,100),(2006,28,78),(2007,180,48),(2008,180,12),(2009,78,32),(2010,16,46),(2011,56,85),(2012,72,92),(2013,336,4),(2014,1196,66),(2015,1958,89);
/*!40000 ALTER TABLE `dataset2` ENABLE KEYS */;
UNLOCK TABLES;
/*!40103 SET TIME_ZONE=@OLD_TIME_ZONE */;

/*!40101 SET SQL_MODE=@OLD_SQL_MODE */;
/*!40014 SET FOREIGN_KEY_CHECKS=@OLD_FOREIGN_KEY_CHECKS */;
/*!40014 SET UNIQUE_CHECKS=@OLD_UNIQUE_CHECKS */;
/*!40101 SET CHARACTER_SET_CLIENT=@OLD_CHARACTER_SET_CLIENT */;
/*!40101 SET CHARACTER_SET_RESULTS=@OLD_CHARACTER_SET_RESULTS */;
/*!40101 SET COLLATION_CONNECTION=@OLD_COLLATION_CONNECTION */;
/*!40111 SET SQL_NOTES=@OLD_SQL_NOTES */;

-- Dump completed on 2015-04-30 20:55:10
